{"cameraMode":{"drawMode":0,"name":"Shaded","section":"Shading Mode"},"sceneLighting":true,"audioPlay":false,"sceneViewState":{"m_AlwaysRefresh":false,"showFog":true,"showSkybox":true,"showFlares":true,"showImageEffects":true,"showParticleSystems":true,"showVisualEffectGraphs":true,"m_FxEnabled":true},"in2DMode":false,"pivot":{"x":0.27837908267974856,"y":1.2871685028076172,"z":-0.22237372398376466},"rotation":{"x":-0.15755537152290345,"y":0.8261297941207886,"z":-0.28187212347984316,"w":-0.46177682280540469},"size":3.1725199222564699,"orthographic":false}